elapsed_s,publish_time_s,odometry_time_s,commissioned_delay_ms,x_m,y_m,yaw_rad,speed_mps,yaw_rate_radps,progress_m,lateral_error_m,yaw_error_rad,reference_speed_mps,published_speed_command_mps,published_steering_command_rad,next_speed_command_mps,next_steering_command_rad,solver_success,solver_status,solver_iterations,solver_time_s,mpc_total_compute_s,cycle_compute_s,deadline_met,constraint_violation,fallback_reason
0.0,3.289,3.279,4.8666668,0.12629514562092992,-2.0033960473722123,-0.0019410614448219512,0.0002826024197964119,6.907392153308826e-07,-0.0014271532642869769,4.758358559407335e-06,1.8757506213301417e-05,2.0,0.0,0.0,1.1450794869073564,-0.025226803836893855,True,Solve_Succeeded,4,0.0657119870011229,0.07053298300161259,0.07089390499822912,True,9.048745661655033e-07,
0.1,3.3890000000000002,3.3810000000000002,4.8666668,0.1262203148155353,-2.0033958689810034,-0.0019410801823155149,0.00027473451852328036,7.392061402267147e-07,-0.0015019888293515775,4.790065912658906e-06,1.9507883593304414e-05,2.0,1.1450794869073564,-0.025226803836893855,1.9860367628025204,-0.036285723242941055,True,Solve_Succeeded,3,0.04487648700160207,0.05081009700006689,0.051190886999393115,True,8.396256934162238e-08,
0.2,3.489,3.483,4.8666668,0.12727171349831823,-2.0033977825701235,-0.0019472047697461164,0.03988012428689874,-0.0002328329109367386,-0.00045052220097623134,4.9321610657550025e-06,2.586144265701116e-06,2.0,1.9860367628025204,-0.036285723242941055,2.629815870720983,-0.04422768194665458,True,Solve_Succeeded,3,0.05032594600197626,0.0548704729990277,0.05526757600091514,True,3.125706533396234e-08,
0.3,3.589,3.585,4.8666668,0.13564675192787656,-2.0034142268346886,-0.002062997249981735,0.13843720629160522,-0.0025371449802539694,0.007924579414235921,4.458653245150353e-06,-0.00019879627318799544,2.0,2.629815870720983,-0.04422768194665458,3.1245063402030837,-0.04858636773442785,True,Solve_Succeeded,3,0.05129797600238817,0.05687160000161384,0.057380993999686325,True,4.317460862341673e-08,
0.4,3.689,3.6870000000000003,4.8666668,0.15631175069936265,-2.0034612039630386,-0.0025412703135484905,0.277304015353419,-0.007321202180181534,0.0285896219711511,-6.156272981329081e-06,-0.0008856504651345988,2.0,3.1245063402030837,-0.04858636773442785,3.4950854652641548,-0.048909192376420954,True,Solve_Succeeded,2,0.04016651599886245,0.04688811800224357,0.04838931300037075,True,5.663625130894467e-07,
0.5,3.79,3.789,4.8666668,0.19345213966358865,-2.003575013497801,-0.003631920808110121,0.4533295075648747,-0.013905140392729142,0.06573011541521173,-6.530003797883176e-05,-0.0023417912120642136,2.0,3.4950854652641548,-0.048909192376420954,3.7512536042669433,-0.04519403963300439,True,Solve_Succeeded,2,0.03282031400158303,0.03587713099841494,0.03616528899874538,True,9.560149507592541e-07,
0.6,3.8890000000000002,3.857,4.8666668,0.2285576592802938,-2.0037213685057114,-0.004719645391951256,0.5812983306818925,-0.017919478042512513,0.10083573855111752,-0.00017226372173776837,-0.0037637899432120376,2.0,3.7512536042669433,-0.04519403963300439,3.9267344378342677,-0.04009293374813425,True,Solve_Succeeded,2,0.03598656100075459,0.038948391997109866,0.03933858099844656,True,1.6872914637526548e-07,
0.7,3.989,3.959,4.8666668,0.2973404366531832,-2.004117914532818,-0.006795186083874512,0.7709820024225358,-0.022064929653741454,0.16961853742476765,-0.0005247322907542087,-0.0064622923878091395,2.0,3.9267344378342677,-0.04009293374813425,4.005252014635414,-0.03154944608221817,True,Solve_Succeeded,2,0.03782940800010692,0.042263250001269625,0.042741061999549856,True,4.7608617925395946e-07,
0.8,4.09,4.061,4.8666668,0.3859423409774384,-2.004826756460914,-0.009137411522097143,0.9689752200193162,-0.02327169154683473,0.25821976668931373,-0.0012373444291743812,-0.00954332845311469,2.0,4.005252014635414,-0.03154944608221817,3.9959057117210524,-0.021423165754778067,True,Solve_Succeeded,3,0.04862754399800906,0.052025773002242204,0.052424839999730466,True,2.3126991463373622e-08,
0.9,4.19,4.163,4.8666668,0.4945968576100138,-2.0059530471502036,-0.011481584305280937,1.1627272998273845,-0.021518776025795692,0.3668718552247865,-0.0024525180484256297,-0.012693020465271801,2.0,3.9959057117210524,-0.021423165754778067,3.913007951476148,-0.010933090645169417,True,Solve_Succeeded,3,0.04678556699946057,0.04990331400040304,0.05025447600201005,True,3.5130671458297205e-08,
1.0,4.289,4.265,4.8666668,0.6225359459388552,-2.007563643276603,-0.013578484702990496,1.3459315527793716,-0.017387486749192296,0.4948054858292216,-0.004271114538025968,-0.015591739082689843,2.0,3.913007951476148,-0.010933090645169417,3.7724799877354087,-0.0009919618770930908,True,Solve_Succeeded,2,0.035450110997771844,0.040299160002177814,0.04061292899859836,True,5.067436608940934e-07,
1.1,4.39,4.367,4.8666668,0.7684071946243858,-2.0096597546138586,-0.014954402950879549,1.5136600168418388,-0.008874908446069151,0.6406674460053197,-0.006715562214118708,-0.017680739281065918,2.0,3.7724799877354087,-0.0009919618770930908,3.5911606524907778,0.007280574397884543,True,Solve_Succeeded,2,0.04322430500178598,0.047729246001836145,0.048322450998966815,True,2.3313967361521248e-07,
1.2,4.49,4.469,4.8666668,0.9304975696984235,-2.012135396993286,-0.015383857529745611,1.6633915080146122,0.0008105454801907881,0.8027453465734863,-0.009679859840717774,-0.01863996035270457,2.0,3.5911606524907778,0.007280574397884543,3.3851525328352814,0.013683283989392624,True,Solve_Succeeded,2,0.03948333299922524,0.04387248200146132,0.04465174900178681,True,9.700271399668003e-08,
1.3,4.589,4.571,4.8666668,1.1070348946584159,-2.014827956032697,-0.015001269178519131,1.7962285700140876,0.008473976479784642,0.9792697685127072,-0.01297420544437681,-0.018504203537357104,2.0,3.3851525328352814,0.013683283989392624,3.1677911281716,0.018500857757338004,True,Solve_Succeeded,2,0.0354900650017953,0.03993010799968033,0.04064984199794708,True,5.714435463669782e-07,
1.4,4.6899999999999995,4.673,4.8666668,1.295828425616591,-2.017550755077601,-0.013675847824604456,1.9045491204433194,0.01722050687349293,1.1680548575970922,-0.01635203366557386,-0.01704113142015867,2.0,3.1677911281716,0.018500857757338004,2.9533749021757494,0.021062526624412655,True,Solve_Succeeded,2,0.03120253999804845,0.03595507000136422,0.03725777099680272,True,5.523845166657113e-07,
1.5,4.789,4.775,4.8666668,1.4949133483063792,-2.0200813634773036,-0.011665018275072532,1.996931989688542,0.023052794941318903,1.3671420188510395,-0.019499262875087547,-0.014419287724724379,2.0,2.9533749021757494,0.021062526624412655,2.7489876975345324,0.02203882105552629,True,Solve_Succeeded,2,0.03420932800145238,0.03776041500168503,0.038131235996843316,True,2.8986881112513135e-07,
1.6,4.889,4.877,4.8666668,1.7024350195761446,-2.022246093284452,-0.009145276040094217,2.070142609553772,0.026839596132356223,1.5746751593247348,-0.022150832164152125,-0.011079114684003386,2.0,2.7489876975345324,0.02203882105552629,2.5611796850656074,0.0213702908209294,True,Solve_Succeeded,2,0.04118582799856085,0.046049748998484574,0.04646489800143172,True,1.5078397141808772e-07,
1.7,4.989,4.979,4.8666668,1.9162092930001458,-2.023899145180648,-0.00628914501582507,2.121436312700401,0.028820618874468004,1.7884667895555242,-0.024124910312406087,-0.007355237938477542,2.0,2.5611796850656074,0.0213702908209294,2.3957895814951113,0.019162424159406416,True,Solve_Succeeded,2,0.04336582299947622,0.04761242599852267,0.04797153400068055,True,5.1143743631077654e-08,
1.8,5.089,5.081,4.8666668,2.1344469379458926,-2.0249506994194815,-0.0033677637832049885,2.1578839999179875,0.02821442072029348,2.006726120736082,-0.025310658272099794,-0.0035285943543161475,2.0,2.3957895814951113,0.019162424159406416,2.253677011085344,0.015852198411985527,True,Solve_Succeeded,2,0.041832187002000865,0.05791900899930624,0.05854866599838715,True,7.305191562778646e-09,
1.9,5.19,5.183,4.8666668,2.355721539093188,-2.0253882820931803,-0.0006515142532813857,2.1814648339679725,0.02516973570012722,2.228024706107013,-0.025680853870831105,0.00012044436728095503,2.0,2.253677011085344,0.015852198411985527,2.134549022576021,0.01181377708114776,True,Solve_Succeeded,2,0.03617201499946532,0.04076020200227504,0.043964305998088093,True,9.406439849067973e-09,
2.0,5.289,5.285,4.8666668,2.579064074175406,-2.025256514273732,0.0017595016067559089,2.197440475735923,0.021153035436464577,2.4513910995802664,-0.025270600175855047,0.003482417447677677,2.0,2.134549022576021,0.01181377708114776,2.036013596140071,0.007285609807439758,True,Solve_Succeeded,2,0.034230521003337344,0.03755119299967191,0.03791525099950377,True,5.401141174121802e-08,
2.1,5.389,5.3870000000000005,4.8666668,2.8033622514943883,-2.0246446010357753,0.003574183833863821,2.2019301212424045,0.015020234976459013,2.675711064606439,-0.024164773159498137,0.006255363950579075,2.0,2.036013596140071,0.007285609807439758,1.9580294092576775,0.002909299480888678,True,Solve_Succeeded,2,0.03297107000253163,0.03647090400045272,0.03684654400058207,True,5.529304483581896e-09,
2.2,5.489,5.455,4.8666668,2.9529957812279926,-2.0240419213936955,0.004406850230295924,2.200707739032338,0.009622165421052665,2.82535719801882,-0.023113151680825023,0.0077258532941209684,2.0,1.9580294092576775,0.002909299480888678,1.8980678394947592,-0.0013202817408172818,True,Solve_Succeeded,2,0.03863500999796088,0.04259941700001946,0.043168259002413834,True,6.822553616403124e-08,
2.3,5.589,5.557,4.8666668,3.177214446890008,-2.0229570385550257,0.005207861792716491,2.1968454367741534,0.005358792326250782,3.0495911678303003,-0.021177538200331185,0.00947549682040117,2.0,1.8980678394947592,-0.0013202817408172818,1.8529465740415472,-0.005251086325032278,True,Solve_Succeeded,2,0.03624822400161065,0.04450295599963283,0.04760961099964334,True,8.470108030375016e-09,
2.4,5.6899999999999995,5.659,4.8666668,3.4007455127609023,-2.0217582280743556,0.005388388157175906,2.187435584631079,-0.0018474316375230928,3.2731324625968385,-0.018921314189025464,0.01057310098746167,2.0,1.8529465740415472,-0.005251086325032278,1.8215961512140564,-0.007969161600934487,True,Solve_Succeeded,2,0.04668147100164788,0.05249886199817411,0.052833482001005905,True,9.704129969140512e-09,
2.5,5.789,5.761,4.8666668,3.6231718824344004,-2.020596052552546,0.004948770405479022,2.1754441912914264,-0.0072347860630580536,3.495564025727449,-0.016509434498430214,0.010992356530581273,2.0,1.8215961512140564,-0.007969161600934487,1.8019000002383927,-0.010068495779408887,True,Solve_Succeeded,2,0.047171858001092914,0.05231815100341919,0.05421553900305298,True,3.591347639197648e-09,
2.6,5.889,5.8629999999999995,4.8666668,3.844288432959739,-2.019596159237846,0.00401471213600544,2.1619612398850494,-0.011106645551003332,3.716681796022808,-0.014083724238801821,0.01085915680317482,2.0,1.8019000002383927,-0.010068495779408887,1.7917822652498436,-0.011438542774596886,True,Solve_Succeeded,2,0.037717254999733996,0.04610112400041544,0.04672684999968624,True,1.6456722651270184e-09,
2.7,5.989,5.965,4.8666668,4.064012479042143,-2.0188433692518655,0.0028079306903715743,2.148262512103704,-0.012966648845081393,3.936404301190805,-0.011744407294705834,0.010396283410691345,2.0,1.7917822652498436,-0.011438542774596886,1.7891275135903233,-0.01234809927555042,True,Solve_Succeeded,2,0.04900538800211507,0.053840021002542926,0.05420232500182465,True,2.7591203289521705e-09,
2.8,6.089,6.067,4.8666668,4.282325313714506,-2.0183795166676686,0.0014169348016979302,2.1344156260729,-0.014521296226679642,4.154713920382908,-0.00954790650007184,0.009693533971237197,2.0,1.7891275135903233,-0.01234809927555042,1.7923154253439597,-0.012648336693368793,True,Solve_Succeeded,2,0.041111262999038445,0.04516229599903454,0.04572925899992697,True,2.608182336771847e-09,
2.9,6.189,6.169,4.8666668,4.499242825035394,-2.018235272111484,-0.00010431619728983233,2.1210039550133297,-0.015468728056871139,4.37162760109618,-0.007538697806459382,0.008806225775309163,2.0,1.7923154253439597,-0.012648336693368793,1.7998563010966522,-0.01249991930819524,True,Solve_Succeeded,2,0.0370035670021025,0.041197255999577465,0.042746786999487085,True,2.240216678828233e-09,
3.0,6.289,6.271,4.8666668,4.714830338622193,-2.0184291687509135,-0.001703688884207467,2.108419882963969,-0.015864575554770555,4.587211634976926,-0.005748102281199308,0.007787919998396119,2.0,1.7998563010966522,-0.01249991930819524,1.8104530729997907,-0.01196259696708188,True,Solve_Succeeded,2,0.034844721001718426,0.03799955100112129,0.038621673000307055,True,2.388133690800487e-09,
3.1,6.389,6.373,4.8666668,4.929197460536427,-2.0189669267317765,-0.003311220244485484,2.0971049629412226,-0.015584681665868287,4.80157643636456,-0.004193556406523856,0.0067100122694262535,2.0,1.8104530729997907,-0.01196259696708188,1.822924996467811,-0.01115430007903251,True,Solve_Succeeded,2,0.035981868000817485,0.042929693998303264,0.04341187400132185,True,1.9321189093091107e-09,
3.2,6.49,6.475,4.8666668,5.142461763548232,-2.019840634254212,-0.004873650870059972,2.08689039819563,-0.014849968964774193,5.014840175479453,-0.0028781172190841297,0.005627076456847572,2.0,1.822924996467811,-0.01115430007903251,1.8364478261788095,-0.010128561947125792,True,Solve_Succeeded,2,0.0392859599996882,0.04436389499824145,0.04493582299983245,True,1.7232220095309003e-09,
3.3,6.589,6.577,4.8666668,5.35476898603427,-2.0210314730136045,-0.006320976423406648,2.0783042627733823,-0.013561163128189077,5.227148976819815,-0.0017930180002104022,0.004610347584403513,2.0,1.8364478261788095,-0.010128561947125792,1.8501495137850126,-0.009027210217499623,True,Solve_Succeeded,2,0.03135379399827798,0.034926442996948026,0.035520760000508744,True,1.0350588337899917e-09,
3.4,6.696,6.679,4.8666668,5.5662610155040655,-2.022509726184518,-0.007631686790564964,2.0709853214330414,-0.012133797543963942,5.438644886379763,-0.0009180537007117671,0.0036824016128179193,2.0,1.8501495137850126,-0.009027210217499623,1.8635283737541462,-0.007816996202130288,True,Solve_Succeeded,2,0.03448009600106161,0.03762547699807328,0.037912251998932334,True,9.935665623572731e-10,
3.5,6.789,6.781,4.8666668,5.7770620993490365,-2.0242453892882284,-0.008813173654548642,2.064821088593028,-0.010774810926306685,5.6494521974374585,-0.00023243769304587454,0.0028367357455890176,2.0,1.8635283737541462,-0.007816996202130288,1.876227594485396,-0.006611171290115574,True,Solve_Succeeded,2,0.03398630499941646,0.03937184400274418,0.040269870001793606,True,1.2505276938395152e-09,
3.6,6.889,6.883,4.8666668,5.987296223849306,-2.026210418802583,-0.009854804740817439,2.0598881234427457,-0.009322542973835285,5.85969486843336,0.00028305711770879597,0.002084738534629335,2.0,1.876227594485396,-0.006611171290115574,1.8879379642546066,-0.005412945267773925,True,Solve_Succeeded,2,0.03514802000063355,0.040682587001356296,0.04124454400152899,True,1.4134909091256684e-09,
3.7,6.989,6.985,4.8666668,6.197083573180361,-2.0283738654219023,-0.010742218521561542,2.0560737251569234,-0.0077985141812597315,6.069492938135631,0.0006508570216359731,0.0014413941967343913,2.0,1.8879379642546066,-0.005412945267773925,1.8984606913715625,-0.004267232678243989,True,Solve_Succeeded,2,0.03610940200087498,0.04043580299912719,0.04077632500047912,True,1.5308296941899058e-09,
3.8,7.089,7.087,4.8666668,6.406532209508812,-2.0307034432040134,-0.011474187288763144,2.0532528118457343,-0.006302150365697134,6.278954234442611,0.0008948492638661587,0.0009084187359922388,2.0,1.8984606913715625,-0.004267232678243989,1.907699515611077,-0.0031982764174934473,True,Solve_Succeeded,1,0.02676714900007937,0.052793560000282014,0.05333253299977514,True,1.775638078793662e-07,
3.9,7.189,7.189,4.8666668,6.615736510500119,-2.0331676097376934,-0.012055385678247795,2.051284459398582,-0.004883215908931909,6.488172849561946,0.0010382138189866225,0.00048150499565160874,2.0,1.907699515611077,-0.0031982764174934473,1.9156121911125887,-0.0022264591468517,True,Solve_Succeeded,1,0.021656560002156766,0.027778315998148173,0.029634170001372695,True,9.178498605599827e-08,
4.0,7.289,7.257,4.8666668,6.755118816679538,-2.0348694493284665,-0.012345468020776487,2.050562944139253,-0.0036076459609245388,6.627565451289109,0.00108955880763579,0.0002695783297578559,2.0,1.9156121911125887,-0.0022264591468517,1.9219952707232781,-0.001376746632039382,True,Solve_Succeeded,1,0.020889126000838587,0.027543115997104906,0.02802648000215413,True,5.972638262522617e-08,
4.1,7.389,7.359,4.8666668,6.9641164747675495,-2.0374846040037013,-0.01265313922044666,2.0498984564123144,-0.002314180097060097,6.83657937952366,0.0011202211864860488,4.222144098018667e-05,2.0,1.9219952707232781,-0.001376746632039382,1.9272120685960603,-0.0006996358888813244,True,Solve_Succeeded,1,0.02473900900076842,0.03021365600216086,0.030483328002446797,True,1.7589239398319023e-08,
4.2,7.489,7.461,4.8666668,7.173070921979905,-2.0401503200946354,-0.01283948268994247,2.0496999200113355,-0.001251693736819315,7.045550789480888,0.001111942179975335,-0.00010801974093129635,2.0,1.9272120685960603,-0.0006996358888813244,1.9313398808386295,-0.0001539412307060423,True,Solve_Succeeded,1,0.02831132599749253,0.032165364998945734,0.03245338199849357,True,1.767671342634003e-08,
4.3,7.589,7.563,4.8666668,7.382024833196993,-2.0428440519289612,-0.012923527104870082,2.0498679918704057,-0.00031234246628088653,7.254522069275413,0.0010785722066488737,-0.0002001281087270282,2.0,1.9313398808386295,-0.0001539412307060423,1.9344695763857644,0.0002448667295429292,True,Solve_Succeeded,1,0.025672190000477713,0.03139188799832482,0.03273404500214383,True,2.1875887801529534e-08,
4.4,7.689,7.665,4.8666668,7.591010158741261,-2.045546738912946,-0.012933364522940199,2.0503040711938096,3.152393712597417e-05,7.463524919553335,0.0010303467188797484,-0.0002622002324504432,2.0,1.9344695763857644,0.0002448667295429292,1.9367255533366483,0.0006015646664022378,True,Solve_Succeeded,1,0.026819995997357182,0.030797939998592483,0.034531631998106604,True,3.0992670531642015e-08,
4.5,7.789,7.767,4.8666668,7.800049425808189,-2.048250240491583,-0.012928974404191853,2.0509139335200697,0.00012957177626635118,7.672581739685548,0.0009673566690598606,-0.00033834999350437414,2.0,1.9367255533366483,0.0006015646664022378,1.938242525598701,0.0009098436602639984,True,Solve_Succeeded,1,0.02645563500118442,0.03250491200014949,0.033704710000165505,True,2.601872495938424e-08,
4.6,7.889,7.869,4.8666668,8.009159599265235,-2.050951946475735,-0.012904512248822454,2.0516721560654414,0.000383411855341059,7.881709423744213,0.0008904152894324619,-0.00039180747236074,2.0,1.938242525598701,0.0009098436602639984,1.9391308339822022,0.0011293510119034325,True,Solve_Succeeded,1,0.022989148998021847,0.027368901002773782,0.027763029000198003,True,1.9228713082789037e-08,
4.7,7.989,7.971,4.8666668,8.218348912909306,-2.0536464417921514,-0.012848076121788536,2.052457029850017,0.0008409360232190564,8.09091613620971,0.0008057335833781296,-0.0004098718478046364,2.0,1.9391308339822022,0.0011293510119034325,1.9395225831023055,0.0012480560505056155,True,Solve_Succeeded,1,0.021488176000275416,0.025147807002213085,0.025563216000591638,True,3.7031612578589286e-08,
4.8,8.089,8.073,4.8666668,8.427621104299671,-2.056324500459857,-0.012735155360067248,2.0532791833054795,0.0013362444985440956,8.300205500633512,0.0007232871023247363,-0.00036802863316692455,2.0,1.9395225831023055,0.0012480560505056155,1.9395081762818474,0.0012681547934817166,True,Solve_Succeeded,1,0.02114915800120798,0.024936467001680285,0.025281376001657918,True,4.796109098793042e-08,
4.9,8.189,8.175,4.8666668,8.636976065727087,-2.058975729393057,-0.01258781935244543,2.054070945418364,0.001546113742084884,8.50957728393891,0.0006541719993905889,-0.0002883419774351824,2.0,1.9395081762818474,0.0012681547934817166,1.9391880937476484,0.0012446445592388998,True,Solve_Succeeded,1,0.021973630999127636,0.025822061001235852,0.02630265799962217,True,2.5902572772482666e-08,
5.0,8.289,8.277,4.8666668,8.846410588024948,-2.0615955044551746,-0.012428139896573027,2.054825786568003,0.001568691215442384,8.719028225064434,0.0006036799518814254,-0.00019287758789247707,2.0,1.9391880937476484,0.0012446445592388998,1.9386438643247677,0.0011815377096494977,True,Solve_Succeeded,1,0.023084600001311628,0.02739891100281966,0.02937079599723802,True,2.898845549522311e-08,
5.1,8.39,8.379,4.8666668,9.055919498556127,-2.064182883766237,-0.01227158955283286,2.0555190347904677,0.0014967661105928813,8.928553145324322,0.0005733994597806593,-9.710164740578224e-05,2.0,1.9386438643247677,0.0011815377096494977,1.9379506053726236,0.001088929544409152,True,Solve_Succeeded,1,0.021655704000295373,0.028234087003511377,0.02859089000048698,True,2.711773273506501e-08,
5.2,8.489,8.481,4.8666668,9.265496462382579,-2.0667391333666525,-0.012123552656188084,2.05614777186542,0.0013907848634474274,9.138145730417373,0.0005627002126393208,-6.3921928326587255e-06,2.0,1.9379506053726236,0.001088929544409152,1.937167238252825,0.0009753061817040779,True,Solve_Succeeded,1,0.02408319399910397,0.030369953001354588,0.03078574299797765,True,2.512503408748151e-08,
5.3,8.589,8.583,4.8666668,9.475132992837366,-2.0692664358107185,-0.01198964801691998,2.0566845798513937,0.00124544311160424,9.347797524845749,0.000570012587376948,7.363833965884879e-05,2.0,1.937167238252825,0.0009753061817040779,1.9363508471010396,0.0008531043419413249,True,Solve_Succeeded,1,0.023927223999635316,0.02767863199915155,0.02797044600083609,True,2.1066099975541874e-08,
5.4,8.689,8.685,4.8666668,9.684820473200507,-2.0717679555101522,-0.011872060036500659,2.057140693221905,0.0010822970085826139,9.557499954020894,0.0005927869096666706,0.0001408113512936186,2.0,1.9363508471010396,0.0008531043419413249,1.9355401659337153,0.0007284353913298196,True,Solve_Succeeded,1,0.020419758002390154,0.025367648999235826,0.025774220997845987,True,2.1235553759879622e-08,
5.5,8.789,8.787,4.8666668,9.894551727130416,-2.0742467857384703,-0.011767747648156114,2.057531735639002,0.000942482372336998,9.76724588181317,0.000628564893432663,0.00019817279368441326,2.0,1.9355401659337153,0.0007284353913298196,1.9347582053933405,0.0005995203764293846,True,Solve_Succeeded,1,0.024075383000308648,0.027829131999169476,0.028207056999235647,True,2.342239581866294e-08,
5.6,8.889,8.889,4.8666668,10.104318057330335,-2.0767059157517167,-0.011681289236724962,2.0578330593234866,0.0007703697388413948,9.977026649150813,0.0006749765947570636,0.00024114895671988913,2.0,1.9347582053933405,0.0005995203764293846,1.934034754760114,0.00048168364705195894,True,Solve_Succeeded,1,0.023072998999850824,0.027812153999548173,0.029548794002039358,True,2.14804991571782e-08,
5.7,8.993,8.991,4.8666668,10.314111585154835,-2.0791492228666653,-0.011613695032101782,2.0580648121322818,0.0005898508252225339,10.18683442535928,0.0007287762523990765,0.0002687335193902376,2.0,1.934034754760114,0.00048168364705195894,1.9333835382207234,0.00037512863702537463,True,Solve_Succeeded,1,0.02456268999958411,0.028464047001762083,0.028881932001240784,True,2.1556216367457637e-08,
5.8,9.089,9.059,4.8666668,10.453986508919154,-2.0807710242888535,-0.01157561261454878,2.058195978915459,0.0005102844123624078,10.3267187641598,0.0007673554302134935,0.00028207351345053104,2.0,1.9333835382207234,0.00037512863702537463,1.9328289269419667,0.0002659299566399894,True,Solve_Succeeded,1,0.020850895998592023,0.025092871001106687,0.025435285999265034,True,2.5388287629331263e-08,
5.9,9.189,9.161,4.8666668,10.663812828983534,-2.083195089352381,-0.011532094254160193,2.058333574740654,0.0003387400140292135,10.536559104602045,0.0008278063507095506,0.0002913763297073754,2.0,1.9328289269419667,0.0002659299566399894,1.9323433036445063,0.00018669201612200485,True,Solve_Succeeded,1,0.019482715000776807,0.024058979000983527,0.024519336999219377,True,2.162732037902515e-08,
6.0,9.289,9.263,4.8666668,10.873650766625643,-2.085611839854129,-0.011504720511774636,2.058424678034603,0.00018680632761281524,10.746410976386459,0.0008888937714778612,0.00028801423495573505,2.0,1.9323433036445063,0.00018669201612200485,1.9319302341390914,0.00012107001519166026,True,Solve_Succeeded,1,0.02170107799975085,0.02698809700086713,0.02765697600261774,True,2.1654736670484453e-08,
6.1,9.389,9.365,4.8666668,11.083496107786395,-2.0880245695723727,-0.011492474476373684,2.0584791606471375,5.758051916139488e-05,10.956270204147382,0.0009480042004442609,0.00027300581714507534,2.0,1.9319302341390914,0.00012107001519166026,1.9315896532277788,7.18915684138414e-05,True,Solve_Succeeded,1,0.022112437000032514,0.026714352003182285,0.027399181999498978,True,2.1663087323986474e-08,
6.2,9.489,9.467,4.8666668,11.293345347448648,-2.090435801056419,-0.011488305476139675,2.058502256082576,2.1229986436410673e-05,11.166133312131603,0.001003304404955479,0.0002534030326748326,2.0,1.9315896532277788,7.18915684138414e-05,1.9313168523952196,2.2345006566452667e-05,True,Solve_Succeeded,1,0.019471406001684954,0.02398797900241334,0.02445259299929603,True,2.166248158630424e-08,
6.3,9.589,9.568999999999999,4.8666668,11.503196030398,-2.0928465894699873,-0.011487599621929186,2.0585077644318654,-4.170703217753053e-06,11.375997856953804,0.0010544412895599146,0.00023382069144656584,2.0,1.9313168523952196,2.2345006566452667e-05,1.9311026184517122,-1.9918711729616308e-05,True,Solve_Succeeded,1,0.02213667799878749,0.03302493299997877,0.033327120003377786,True,2.1654701143347665e-08,
6.4,9.689,9.671,4.8666668,11.713045853990383,-2.0952573346704075,-0.011487593790640712,2.0584877420117147,2.634268939813308e-06,11.585861540126292,0.0011017191543385193,0.00021702262279107813,2.0,1.9311026184517122,-1.9918711729616308e-05,1.9309430594198298,-6.451094400184182e-05,True,Solve_Succeeded,1,0.022471890999440802,0.02694692499790108,0.027358477000234416,True,2.171480991395615e-08,
6.5,9.789,9.773,4.8666668,11.922892922106884,-2.0976680495949225,-0.011487640091052699,2.0584547006246594,-1.28867824509648e-06,11.795722465197908,0.0011458341923737223,0.0002036572074130428,2.0,1.9309430594198298,-6.451094400184182e-05,1.9308303256242974,-0.0001070643595940795,True,Solve_Succeeded,1,0.018822319998434978,0.022253506002016366,0.022554670002136845,True,2.1619049661580902e-08,
6.6,9.889,9.875,4.8666668,12.13273612950711,-2.1000787798644587,-0.011488579448618415,2.058412835863412,-1.8504626208734892e-05,12.005579526999039,0.0011874592956729309,0.00019288381092502985,2.0,1.9308303256242974,-0.0001070643595940795,1.9307566447205209,-0.00014839130871969526,True,Solve_Succeeded,1,0.025189694002619945,0.030091494001680985,0.03044821799994679,True,2.1597712063226027e-08,
6.7,9.989,9.977,4.8666668,12.342574912273523,-2.1024899062258475,-0.011491979225051189,2.0583678819998927,-5.038317767280589e-05,12.215432165616482,0.0012269386200230905,0.0001831352353405223,2.0,1.9307566447205209,-0.00014839130871969526,1.930714270404193,-0.0001874138799871327,True,Solve_Succeeded,1,0.025595630999305286,0.03065715199772967,0.031197036998491967,True,2.1576683550961206e-08,
6.8,10.093,10.079,4.8666668,12.552408880917643,-2.1049019971279166,-0.01149826001932679,2.058319292955534,-7.725204164995982e-05,12.425279997783408,0.001264430661364737,0.00017399096530352695,2.0,1.930714270404193,-0.0001874138799871327,1.9306975421629655,-0.0002273611516522222,True,Solve_Succeeded,1,0.023306315000809263,0.02954015500290552,0.02990982400297071,True,2.3573843279788703e-08,
6.9,10.191,10.181,4.8666668,12.762237791667255,-2.107315608226821,-0.01150689315884153,2.058269539711104,-9.699198426590666e-05,12.635122785824413,0.0013001083738741293,0.0001659796912492472,2.0,1.9306975421629655,-0.0002273611516522222,1.9307012493501794,-0.000267902459937022,True,Solve_Succeeded,1,0.02198875300018699,0.02646928099784418,0.026998715002264362,True,2.420719943723934e-08,
7.0,10.289,10.283,4.8666668,12.972061610784676,-2.109731171670024,-0.011517381445292109,2.0582202744106675,-0.00010701621992385906,12.844960500678482,0.001334270610297194,0.00015959857736737998,2.0,1.9307012493501794,-0.000267902459937022,1.9307204092212626,-0.00031067984275496375,True,Solve_Succeeded,1,0.02434079699742142,0.028860423997684848,0.029237215996545274,True,2.6263746645592903e-08,
7.1,10.389,10.385,4.8666668,13.181880450264861,-2.1121490462283483,-0.011529513910004112,2.0581726837905685,-0.00013027426825728755,13.054793258184027,0.0013672912328326831,0.00015505852076470178,2.0,1.9307204092212626,-0.00031067984275496375,1.9307507275588303,-0.00035307550824964984,True,Solve_Succeeded,1,0.02797144299984211,0.03264364200003911,0.03319858699978795,True,2.5722017053851978e-08,
7.2,10.495,10.487,4.8666668,13.391694538819879,-2.114569650064095,-0.011544044912489134,2.058127623364719,-0.00015328025482163344,13.264621291611192,0.0013994860129580575,0.00015160506326498437,2.0,1.9307507275588303,-0.00035307550824964984,1.9307884513483873,-0.00039811883733772475,True,Solve_Succeeded,1,0.02414582300116308,0.03141677000166965,0.031721190996904625,True,2.8683296070123113e-08,
7.3,10.589,10.589,4.8666668,13.601504096876422,-2.1169934345057473,-0.011560105752313001,2.0580849276787743,-0.0001680890701140603,13.474444826359703,0.0014311373949435094,0.00015010677955321417,2.0,1.9307884513483873,-0.00039811883733772475,1.9308312631549533,-0.0004451408166932422,True,Solve_Succeeded,1,0.021939930000371533,0.026988339999661548,0.02745933000187506,True,2.9445804077595644e-08,
7.4,10.693,10.691,4.8666668,13.811309448337889,-2.119420734890131,-0.011578230925360347,2.0580454131973496,-0.00018858437447845868,13.684264189959682,0.0014626449527990943,0.0001500290306330112,2.0,1.9308312631549533,-0.0004451408166932422,1.930876439522351,-0.0004944742987917626,True,Solve_Succeeded,1,0.023186456000985345,0.030648765998193994,0.031225963997712824,True,3.113391602535022e-08,
7.5,10.789,10.759,4.8666668,13.95117743660042,-2.121041102637458,-0.011590988732831643,2.058019983216174,-0.00019545722575511237,13.824141541706558,0.001483717984519354,0.00015123878999907456,2.0,1.930876439522351,-0.0004944742987917626,1.930917522639942,-0.0005481227294614014,True,Solve_Succeeded,1,0.027104084998427425,0.031615740997949615,0.0320337949997338,True,3.4029835515887036e-08,
7.6,10.889,10.861,4.8666668,14.160976238803853,-2.123475068239405,-0.011611324990318698,2.057983866183171,-0.00020978960523914474,14.033954423929355,0.0015158104631550222,0.0001547576645399805,2.0,1.930917522639942,-0.0005481227294614014,1.9309603388740375,-0.0006043548157379619,True,Solve_Succeeded,1,0.030801905999396695,0.03644007299953955,0.036766326000361005,True,3.4643240638589784e-08,
7.7,10.989,10.963,4.8666668,14.370771410978769,-2.1259134459116917,-0.011633485673561152,2.0579496261218027,-0.00023600456742870607,14.243763721341127,0.001548819066821912,0.0001599364525275409,2.0,1.9309603388740375,-0.0006043548157379619,1.9310035193122792,-0.0006622132143161304,True,Solve_Succeeded,1,0.020967656000721036,0.025292637998063583,0.02628169300078298,True,3.5605267401312216e-08,
7.8,11.089,11.065,4.8666668,14.580563050956467,-2.1283566784137977,-0.011658112567419035,2.057915609267153,-0.0002605509487403485,14.45356953670711,0.0015830330461023736,0.00016613310264819954,2.0,1.9310035193122792,-0.0006622132143161304,1.9310467638741897,-0.0007232341217178385,True,Solve_Succeeded,1,0.02335283399952459,0.028364105000946438,0.028874040999653516,True,3.8132873646061494e-08,
7.9,11.189,11.167,4.8666668,14.790351167272876,-2.1308053398229836,-0.011685876206944945,2.0578813027216976,-0.0002948092984301459,14.663371885065693,0.0016186091972165988,0.0001726767631475834,2.0,1.9310467638741897,-0.0007232341217178385,1.9310904420999828,-0.0007844911007660701,True,Solve_Succeeded,1,0.023809133999748155,0.02788215799955651,0.028182259997265646,True,3.7896797685198214e-08,
8.0,11.289,11.269,4.8666668,15.000135612455601,-2.133260094553966,-0.011716624016491907,2.057844873229415,-0.0003194164105882479,14.873170626555295,0.001655612024032094,0.00017971962277504167,2.0,1.9310904420999828,-0.0007844911007660701,1.931135460052719,-0.0008488376305055796,True,Solve_Succeeded,1,0.024809312999423128,0.03073542000129237,0.03126554399932502,True,4.130885581992913e-08,
8.1,11.389,11.371,4.8666668,15.209916141570956,-2.1357214939340436,-0.011749329783173144,2.0578063206724675,-0.00034235553980558177,15.082965522550117,0.0016942178070949116,0.00018828743596452022,2.0,1.931135460052719,-0.0008488376305055796,1.9311825031864824,-0.0009150887728186688,True,Solve_Succeeded,1,0.02095987599750515,0.025331782002467662,0.025655329001892824,True,4.258335547483068e-08,
8.2,11.489,11.473,4.8666668,15.419692561617277,-2.138189838296162,-0.011783188581690217,2.057766106601639,-0.0003495546641128236,15.292756383370634,0.0017348542549347947,0.00019918462253790817,2.0,1.9311825031864824,-0.0009150887728186688,1.9312316683117121,-0.0009863622627691887,True,Solve_Succeeded,1,0.024710669000342023,0.03530000499813468,0.035895158998755505,True,4.699346638583658e-08,
8.3,11.589,11.575,4.8666668,15.629464723374356,-2.1406654201779176,-0.011819240698763459,2.057723493425076,-0.0003777151777032105,15.502543063000253,0.0017779572192995606,0.00021137034607503213,2.0,1.9312316683117121,-0.0009863622627691887,1.9312836544034993,-0.001055820306094214,True,Solve_Succeeded,1,0.021687687003577594,0.025760938002349576,0.02646620399900712,True,4.5225185742615165e-08,
8.4,11.689,11.677,4.8666668,15.83923219235248,-2.143148856199335,-0.011858438962512116,2.0576755782342118,-0.00041038110831895024,15.712325134058839,0.001823634861890755,0.00022389110532220792,2.0,1.9312836544034993,-0.001055820306094214,1.9313402040997665,-0.0011246831550985265,True,Solve_Succeeded,1,0.02234492099887575,0.026477419000002556,0.027240388000791427,True,4.810223948911556e-08,
8.5,11.789,11.779,4.8666668,16.048994387783534,-2.145640656865885,-0.011898999406387811,2.0576235391310016,-0.0003748982646412554,15.922102021645145,0.0018720994150971553,0.000238530083234623,2.0,1.9313402040997665,-0.0011246831550985265,1.9314019019665618,-0.0012050445682480336,True,Solve_Succeeded,1,0.023455095000826987,0.02760449600100401,0.02786869699775707,True,5.9225727217469826e-08,
8.6,11.892,11.881,4.8666668,16.258751020978163,-2.1481410698628673,-0.011942015310239865,2.057566979512426,-0.0004446073921809337,16.13187343972322,0.0019238291551654228,0.00025419321936203873,2.0,1.9314019019665618,-0.0012050445682480336,1.931469819310514,-0.0012678979882753793,True,Solve_Succeeded,1,0.02340988899959484,0.032200073001149576,0.034657127001992194,True,4.3401201967182765e-08,
8.7,11.989,11.983,4.8666668,16.468501473529813,-2.150650648579356,-0.011986473772983362,2.05750524449885,-0.00046781884012025884,16.341638776260087,0.0019789923599498643,0.0002718924738540421,2.0,1.931469819310514,-0.0012678979882753793,1.9315443470864382,-0.001336443454457283,True,Solve_Succeeded,1,0.024803204996715067,0.029512312001315877,0.029819286999554606,True,5.970864638653317e-08,
8.8,12.089,12.085,4.8666668,16.67824529663132,-2.1531696473527577,-0.012032651845559387,2.057439141330416,-0.0004803271389527035,16.5513975851432,0.0020380580461323975,0.0002913498254652671,2.0,1.9315443470864382,-0.001336443454457283,1.9316263584421995,-0.0014038553242971433,True,Solve_Succeeded,1,0.022828375000244705,0.02737724400139996,0.02799414000037359,True,5.835961924436847e-08,
8.9,12.189,12.187,4.8666668,16.887982055031937,-2.1556984633552125,-0.012081149879112858,2.0573671427319544,-0.0004940685949601214,16.761149438879965,0.002101261393934914,0.0003103537351752325,2.0,1.9316263584421995,-0.0014038553242971433,1.931716420823554,-0.0014686840883969482,True,Solve_Succeeded,1,0.024602380999567686,0.0314136690030864,0.03185016999850632,True,6.005599456409758e-08,
9.0,12.289,12.289,4.8666668,17.097711022016455,-2.158237627461099,-0.012132295709556071,2.0572901315541596,-0.000526698350010122,16.970893624246283,0.002168043025265433,0.00032532995732395195,2.0,1.931716420823554,-0.0014686840883969482,1.9318149472247923,-0.0015271290240865983,True,Solve_Succeeded,1,0.0283753749972675,0.03364934500132222,0.0346396269997058,True,5.965236003985588e-08,
9.1,12.39,12.357,4.8666668,17.237525782420363,-2.159936330082065,-0.012166280952668689,2.057236557699944,-0.000542964794273163,17.11071860120257,0.002214219384000087,0.00033460822319198585,2.0,1.9318149472247923,-0.0015271290240865983,1.9319098368897922,-0.001584656318279078,True,Solve_Succeeded,1,0.0218034940007783,0.0256750180014933,0.02626683499693172,True,6.544807348417975e-08,
9.2,12.489,12.459,4.8666668,17.44724095463522,-2.1624933395689814,-0.012217813371634582,2.057156626872814,-0.000523270000530825,17.3204492059795,0.002285669856417664,0.0003467445140051227,2.0,1.9319098368897922,-0.001584656318279078,1.9320139372837641,-0.001646003243054929,True,Solve_Succeeded,1,0.02018633999978192,0.02606572100194171,0.02678323299915064,True,7.115788524560129e-08,
9.3,12.59,12.561,4.8666668,17.65694805953894,-2.1650610105416375,-0.012269496089731012,2.0570808788131267,-0.0004839564274347721,17.530171872249053,0.0023595570542348033,0.000357259059219496,2.0,1.9320139372837641,-0.001646003243054929,1.93212291994828,-0.0017101173438509745,True,Solve_Succeeded,1,0.023496642999816686,0.0294737369986251,0.030126173001917778,True,7.414337182013939e-08,
9.4,12.689,12.663,4.8666668,17.866647426159783,-2.167639959530478,-0.012327909849276054,2.0570094042462403,-0.0007233348648964151,17.7398869375451,0.00243495912619328,0.00035957157488237726,2.0,1.93212291994828,-0.0017101173438509745,1.932235191974236,-0.0017180181173484456,True,Solve_Succeeded,1,0.0250699979987985,0.02939889399931417,0.02987450199725572,True,3.527512227544799e-08,
9.5,12.789,12.765,4.8666668,18.07633963797977,-2.1702320577751135,-0.012395983348664343,2.0569449284282872,-0.0009261458166983877,17.94959501001039,0.002509703047434336,0.00035075388136149646,2.0,1.932235191974236,-0.0017180181173484456,1.932347893452378,-0.001714791283890351,True,Solve_Succeeded,1,0.0216568140021991,0.027565213000343647,0.028420639002433745,True,5.81569389443079e-08,
9.6,12.889,12.867,4.8666668,18.28602504179147,-2.1728399378139653,-0.012483108874573651,2.056881899008579,-0.0016311359928809078,18.15929647132552,0.0025808517727228136,0.0003214141264342215,2.0,1.932347893452378,-0.001714791283890351,1.9324661211660907,-0.001589279771824889,True,Solve_Succeeded,1,0.02292294400103856,0.027562000999751035,0.02794598800028325,True,7.078831757508126e-08,
9.7,12.989,12.969,4.8666668,18.495703640789085,-2.1754709366169034,-0.012621741186093641,2.0568179977321455,-0.002366091460607878,18.368991420704088,0.0026407599810429855,0.00023909789424299797,2.0,1.9324661211660907,-0.001589279771824889,1.9325937224934226,-0.0013886769272409931,True,Solve_Succeeded,1,0.020342540999990888,0.02757739599837805,0.02795678999973461,True,5.592621130242302e-08,
9.8,13.089,13.071,4.8666668,18.70537406437721,-2.17813696032447,-0.012802144428464134,2.0567318749894223,-0.002146246676496905,18.57867864429062,0.002677195935517687,0.00011354103548325695,2.0,1.9325937224934226,-0.0013886769272409931,1.9327402464705328,-0.001271532210494875,True,Solve_Succeeded,1,0.02240285399966524,0.02655096099988441,0.026876912997977342,True,7.699262574495033e-08,
9.9,13.189,13.173,4.8666668,18.91503432939699,-2.1808350586461964,-0.012943629241821799,2.0566399939985436,-0.002368756225908526,18.788356125510596,0.002692774970300479,2.543273272770201e-05,2.0,1.9327402464705328,-0.001271532210494875,1.9329027924243454,-0.0010601442491387477,True,Solve_Succeeded,1,0.022127242998976726,0.026026010000350652,0.02668952900057775,True,6.649028518187442e-08,
10.0,13.289,13.275,4.8666668,19.124688117409303,-2.1835608836562352,-0.013056385608983099,2.0566157792942894,-0.0020184403843760716,18.99802749302705,0.0026915833777507573,-3.5415745539732826e-05,2.0,1.9329027924243454,-0.0010601442491387477,1.9330381561612182,-0.0009589039483055162,True,Solve_Succeeded,1,0.020308253002440324,0.025141594000160694,0.025566521999280667,True,8.604370069459182e-08,
10.1,13.389,13.377,4.8666668,19.334343091343182,-2.1863068690870695,-0.013131612707323968,2.05667161423184,-0.0014718974193991528,19.20770031340467,0.002680978408294122,-6.0201499048482404e-05,2.0,1.9330381561612182,-0.0009589039483055162,1.933119303505765,-0.0009226877517821726,True,Solve_Succeeded,1,0.02022632700027316,0.02487683199797175,0.025294885999755934,True,7.217497539208084e-08,
10.2,13.489,13.479,4.8666668,19.544008994381112,-2.1890630249429233,-0.013147049132063219,2.0568375128772933,-0.0007723365547900408,19.417384199846374,0.002670769692734506,-2.6660791866531947e-05,2.0,1.933119303505765,-0.0009226877517821726,1.9331060080928495,-0.0009858716822216467,True,Solve_Succeeded,1,0.022416758998588193,0.029267738998896675,0.029561406998254824,True,1.1429582027024966e-07,
10.3,13.589,13.581,4.8666668,19.75369498524442,-2.1918184286904783,-0.013134991181337685,2.0570411742956254,-0.0007534711544783445,19.627088166873563,0.0026716934674822545,3.291200084750735e-05,2.0,1.9331060080928495,-0.0009858716822216467,1.9330079029007392,-0.0010051376754025296,True,Solve_Succeeded,1,0.020215059001202462,0.02449359700040077,0.024787817001197254,True,3.011010082584753e-08,
10.4,13.689,13.683,4.8666668,19.963401305875852,-2.1945719412416587,-0.013123966130135455,2.0572328540970064,-0.0004898647599949554,19.836812440270457,0.0026845871481615932,8.998937009451272e-05,2.0,1.9330079029007392,-0.0010051376754025296,1.932850501768674,-0.0011062170554135627,True,Solve_Succeeded,1,0.02163056300196331,0.02525475800212007,0.025577514999895357,True,1.1912993142220579e-07,
10.5,13.789,13.785,4.8666668,20.173126137224777,-2.19732341730001,-0.013113406459614054,2.057401788001678,-0.00043320124167846384,20.046555198090985,0.00270926701355377,0.00014513816060641484,2.0,1.932850501768674,-0.0011062170554135627,1.9326617278745277,-0.0011932760206702939,True,Solve_Succeeded,1,0.019969973000115715,0.024404007999692112,0.02515588200185448,True,6.529594309342968e-08,
10.6,13.891,13.887,4.8666668,20.382867373739774,-2.200072969704278,-0.013103269847266275,2.057550860592904,-0.0002665292820262024,20.256314335441512,0.002745286953908032,0.00019840000895378004,2.0,1.9326617278745277,-0.0011932760206702939,1.9324538151845585,-0.0013166731327088328,True,Solve_Succeeded,1,0.04968968100001803,0.05380022000099416,0.05410058200141066,True,1.0538294263075752e-07,
10.7,13.989,13.989,4.8666668,20.592622934713837,-2.202820635910169,-0.013093560397742105,2.057679009344936,-2.0082728735471695e-05,20.466087771402286,0.002792276080249408,0.0002497701824898547,2.0,1.9324538151845585,-0.0013166731327088328,1.9322402156185015,-0.0014650043058902662,True,Solve_Succeeded,1,0.024067555998044554,0.02936842100098147,0.029736737000348512,True,1.0886451586250914e-07,
10.8,14.089,14.057,4.8666668,20.73246627771873,-2.204651488182223,-0.013091864368957623,2.057734482522235,-0.00015438028822273238,20.605943018116324,0.002829400213411181,0.0002784260038544984,2.0,1.9322402156185015,-0.0014650043058902662,1.9320537253033343,-0.0015546767037845218,True,Solve_Succeeded,1,0.02492906500265235,0.03096275399730075,0.03131498899892904,True,5.522796716478373e-08,
10.9,14.193,14.193,4.8666668,21.012156469757553,-2.2083168090967717,-0.013124248470912654,2.057690056670999,-0.00038718121479543725,20.885657064950763,0.0029111628718922707,0.00029800557172076497,2.0,1.9320537253033343,-0.0015546767037845218,1.9319302493058466,-0.0016124050387531558,True,Solve_Succeeded,1,0.022178923998581013,0.025289381999755278,0.02563634699981776,True,6.611769381992261e-08,
11.0,14.289,14.261,4.8666668,21.15199483266509,-2.210154259137521,-0.013156220025439418,2.0575736958314215,-0.0005880171587243325,21.025507419815295,0.002952523916940622,0.0002910364337764329,2.0,1.9319302493058466,-0.0016124050387531558,1.93188612704521,-0.0016390910917074457,True,Solve_Succeeded,1,0.02318151600047713,0.028403938998962985,0.029011176000494743,True,6.199162104437647e-08,
11.1,14.389,14.363,4.8666668,21.36173352134551,-2.2129199598763423,-0.013218008537006738,2.057320722362129,-0.000775865252614031,21.235264226166613,0.0030112285730399444,0.0002655257721358821,2.0,1.93188612704521,-0.0016390910917074457,1.9319600597644646,-0.001630880893920451,True,Solve_Succeeded,1,0.025374169999849983,0.034273347999260295,0.034822390000044834,True,5.264054949534122e-08,
11.2,14.489,14.465,4.8666668,21.571443655846586,-2.2156996493727283,-0.013292963005461641,2.0570230851164313,-0.001110979935376262,21.444992670041653,0.0030630154513276325,0.00022537776981205497,2.0,1.9319600597644646,-0.001630880893920451,1.932141087829796,-0.0015603608063166335,True,Solve_Succeeded,1,0.02871918100208859,0.0321146590031276,0.03244762499889475,True,3.692800061528764e-08,
11.3,14.589,14.567,4.8666668,21.78112061491717,-2.2184967098280914,-0.013393163998930528,2.0566766014386646,-0.001600076013991928,21.65468817766759,0.003104129543390494,0.0001585118320021131,2.0,1.932141087829796,-0.0015603608063166335,1.9324254299561205,-0.0014142816045258565,True,Solve_Succeeded,1,0.021448154002428055,0.02669605199844227,0.02706123200186994,True,4.728466724884719e-08,
11.4,14.69,14.669,4.8666668,21.990758251084117,-2.221318888382364,-0.013539810411033363,2.056256983005521,-0.002570358318537115,21.864344708866103,0.0031264302591536963,4.372894269377356e-05,2.0,1.9324254299561205,-0.0014142816045258565,1.9328272143564955,-0.0011059222265732609,True,Solve_Succeeded,1,0.020398953998665093,0.026854974999878323,0.027404137999837985,True,1.1144305900323559e-07,
11.5,14.791,14.771,4.8666668,22.200347802278333,-2.2241748086202824,-0.013689910142164323,2.0557428935524245,-0.0020022621509123368,22.073953621902497,0.00312086462382378,-7.597912607578035e-05,2.0,1.9328272143564955,-0.0011059222265732609,1.9333512602132032,-0.00100082215372745,True,Solve_Succeeded,1,0.02621381599965389,0.03086023300056695,0.031235071997798514,True,1.5128730712632432e-07,
11.6,14.889,14.873,4.8666668,22.40988034148047,-2.227057440782628,-0.013822308383381719,2.055169860321849,-0.0018979130752069938,22.283505897409245,0.003094028658694259,-0.00017945770820615263,2.0,1.9333512602132032,-0.00100082215372745,1.9339957135075592,-0.000801827575144072,True,Solve_Succeeded,1,0.027209684998524608,0.03137941699969815,0.03190614500272204,True,5.684619729286059e-08,
11.7,14.989,14.975,4.8666668,22.619356703770936,-2.2299618354260855,-0.013899381259677131,2.0546572686631634,-0.0013777041811138435,22.493002304641667,0.003050571153564099,-0.0002290815772575134,2.0,1.9339957135075592,-0.000801827575144072,1.9346891157341257,-0.0007151834636559763,True,Solve_Succeeded,1,0.024189354000554886,0.02875284800029476,0.029071185999782756,True,8.515350612527464e-08,
11.8,15.089,15.077,4.8666668,22.82878401081574,-2.2328754790869016,-0.013914498263904377,2.054213978934829,-0.0008459144746122319,22.702449794556383,0.0030027909010838507,-0.00021821815700410511,2.0,1.9346891157341257,-0.0007151834636559763,1.9353902952044735,-0.0006925656703951487,True,Solve_Succeeded,1,0.030127759000606602,0.03405131500039715,0.034343089999310905,True,7.0037355154361e-08,
11.9,15.189,15.179,4.8666668,23.038168129680678,-2.2357875162984233,-0.013901891371323484,2.0537889623341936,-0.0006416371992579243,22.911854085000463,0.002961312824311099,-0.00018109769376851818,2.0,1.9353902952044735,-0.0006925656703951487,1.9360895260758442,-0.0006790884396186453,True,Solve_Succeeded,1,0.021989603999827523,0.025785909998376155,0.026203383000392932,True,4.5563787609212425e-08,
12.0,15.298,15.281,4.8666668,23.24750808337739,-2.2386966713021956,-0.013890201536407472,2.053343820581148,-0.0004957878195875242,23.12121418103411,0.0029270899501755115,-0.00014636029419441005,2.0,1.9360895260758442,-0.0006790884396186453,1.9367987639737099,-0.0006916715011591956,True,Solve_Succeeded,1,0.023404260002280353,0.027007174998288974,0.027291807000437984,True,5.854601468815307e-08,
12.1,15.389,15.383,4.8666668,23.456800711067178,-2.2416028376248445,-0.013879039188240424,2.0528619812277937,-0.0003390869346528774,23.330526920120263,0.0028998763738782786,-0.000113615733627467,1.9333333333333336,1.9367987639737099,-0.0006916715011591956,1.8970445063126289,-0.0004847596024218008,True,Solve_Succeeded,2,0.043587913998635486,0.05363628800114384,0.05454987300254288,True,7.201577434433684e-10,
12.2,15.489,15.485,4.8666668,23.66604413349057,-2.24450597079646,-0.01386813169196856,2.052369550928238,-0.00026474026528098036,23.539790422096125,0.0028793820017365725,-8.259052235638949e-05,1.8666666666666671,1.8970445063126289,-0.0004847596024218008,1.826272613261314,-0.00014817496050545587,True,Solve_Succeeded,2,0.033866261001094244,0.04080507199978456,0.04258242799915024,True,1.6413923553670884e-09,
12.3,15.589,15.587,4.8666668,23.87519268283674,-2.2474054563104224,-0.013855844822561721,2.0503926297181874,-6.970409652834629e-05,23.748959014625612,0.0028652825585682943,-5.1653286047588856e-05,1.7999999999999996,1.826272613261314,-0.00014817496050545587,1.7322074183324685,0.0002643762792643922,True,Solve_Succeeded,2,0.038651651000691345,0.04453434599781758,0.04548231100125122,True,3.393601399892532e-09,
12.4,15.689,15.689,4.8666668,24.083870632238263,-2.2502957960209486,-0.013845294529722921,2.0434225752049526,-3.4276624475286994e-05,23.957656930478862,0.0028575725201767338,-2.394754317045812e-05,1.7333333333333332,1.7322074183324685,0.0002643762792643922,1.622145127072751,0.0007766119126027243,True,Solve_Succeeded,2,0.03523493000102462,0.04403779699714505,0.044395622000592994,True,7.171049976051336e-09,
12.5,15.789,15.757,4.8666668,24.22255317849765,-2.2522161183301153,-0.013845784730214384,2.0369567719652957,5.088815011887877e-05,24.096352741062237,0.002854894577568688,-1.3839367210799827e-05,1.6666666666666667,1.622145127072751,0.0007766119126027243,1.4992715655391913,0.0013712584437210078,True,Solve_Succeeded,2,0.03823986499992316,0.04664103500181227,0.04724819799957913,True,1.1470333793894838e-08,
12.6,15.889,15.859,4.8666668,24.429518633979328,-2.255081955141595,-0.013845781386219497,2.022265092705545,7.3307255054507e-05,24.30333799537238,0.0028535136643105105,7.885950742466535e-07,1.6000000000000003,1.4992715655391913,0.0013712584437210078,1.3699065296741413,0.0020313935018747655,True,Solve_Succeeded,2,0.042653688997233985,0.04917070000010426,0.04944878799869912,True,1.4557059113684545e-08,
12.7,15.989,15.961,4.8666668,24.634660222681045,-2.2579223543689424,-0.013845202546646776,2.000986767604872,-6.166625270037842e-05,24.508499209913204,0.0028551697731163247,1.4454441829800725e-05,1.5333333333333339,1.3699065296741413,0.0020313935018747655,1.238035924146232,0.002765287891567649,True,Solve_Succeeded,2,0.041150773999106605,0.046741268000914715,0.047077301001991145,True,1.753506162494034e-08,
12.8,16.09,16.063,4.8666668,24.83714838373317,-2.2607259202481056,-0.01384397239243363,1.9702753143695462,-3.084404416080632e-05,24.71100674550505,0.0028593915325890625,2.7226929246386422e-05,1.4666666666666663,1.238035924146232,0.002765287891567649,1.107795063223397,0.003502202370527587,True,Solve_Succeeded,2,0.04131174199937959,0.0465113369973551,0.04684826100128703,True,1.5782312789980324e-08,
12.9,16.19,16.165,4.8666668,25.036160090333542,-2.263480684429221,-0.013832616252659621,1.9329159885202651,0.0002548436288348551,24.910037488438693,0.002866353205186887,4.8595778958451796e-05,1.4,1.107795063223397,0.003502202370527587,0.9811356190679604,0.004210930840435253,True,Solve_Succeeded,2,0.03763362899917411,0.041407661003177054,0.0417336440004874,True,1.4753313903881349e-08,
13.0,16.289,16.267,4.8666668,25.231037115999232,-2.2661719128971214,-0.0137723382710738,1.8893658958141533,0.0008743844023977889,25.104933070936156,0.0028812778136351608,0.00011739936022294936,1.3333333333333335,0.9811356190679604,0.004210930840435253,0.8594069996841243,0.004826029490898006,True,Solve_Succeeded,2,0.04012391200012644,0.04561040000044159,0.050655628998356406,True,1.2610324562345454e-08,
13.1,16.389,16.369,4.8666668,25.421327352734863,-2.2687826105576674,-0.013656206948365562,1.8426907000680142,0.0014170982543471506,25.29524119213265,0.0029145235347466333,0.0002406342803699061,1.266666666666667,0.8594069996841243,0.004826029490898006,0.7424544185223665,0.005380782107965,True,Solve_Succeeded,2,0.03527746399777243,0.04044046799754142,0.04084922000038205,True,1.2711634855833154e-08,
13.2,16.489,16.471,4.8666668,25.60642511381052,-2.2712951046930248,-0.013468392788333516,1.7881017870202693,0.0024673119475903528,25.480355977768255,0.00297501340445224,0.00043420034345047556,1.2000000000000006,0.7424544185223665,0.005380782107965,0.6322563418961565,0.005712783188620202,True,Solve_Succeeded,2,0.037067801000375766,0.041498983999190386,0.04204090000348515,True,9.340912487942887e-09,
13.3,16.589,16.573,4.8666668,25.785845334049665,-2.273685098865284,-0.013143754698865567,1.730948386471613,0.00395770626868979,25.659792071141727,0.00307999465186198,0.000763324050623255,1.1333333333333329,0.6322563418961565,0.005712783188620202,0.5280398017951635,0.005766204584459893,True,Solve_Succeeded,2,0.036403277998033445,0.04071861999909743,0.04116188999978476,True,8.538933560231499e-09,
13.4,16.689,16.675,4.8666668,25.95907887043354,-2.2759244366108313,-0.01268880136949426,1.6675159786399134,0.00483418137362171,25.833039986393388,0.003250269646305049,0.0012215902893529616,1.0666666666666664,0.5280398017951635,0.005766204584459893,0.4308573131297609,0.005630161112635351,True,Solve_Succeeded,2,0.038273220001428854,0.04431819100136636,0.04489617999934126,True,9.28294152657827e-09,
13.5,16.789,16.777,4.8666668,26.125660969038293,-2.277996763646706,-0.012185063843939322,1.6007061512461513,0.0049400804250444635,25.99963478663669,0.00349549023434141,0.0017275702079258357,1.0,0.4308573131297609,0.005630161112635351,0.34032685256969863,0.005373154631901691,True,Solve_Succeeded,2,0.03481254600046668,0.039664669002377195,0.04035670799930813,True,1.2962845019615088e-08,
13.6,16.889,16.879,4.8666668,26.285415428511733,-2.279904144622898,-0.011695011891041194,1.5330886462070121,0.004606634101881249,26.159400316166135,0.003810941196197504,0.0022189038786171976,0.9333333333333336,0.34032685256969863,0.005373154631901691,0.25515488383705065,0.005038803481401969,True,Solve_Succeeded,2,0.03576689900000929,0.040340116996958386,0.04068620899852249,True,1.8225158049389734e-08,
13.7,16.989,16.981,4.8666668,26.43814805166867,-2.281655842403251,-0.011247173052903708,1.4631299736156569,0.0041253000892810246,26.312142525676943,0.004184495999505091,0.0026671727658949818,0.8666666666666671,0.25515488383705065,0.005038803481401969,0.1751183231560977,0.004639316460104784,True,Solve_Succeeded,2,0.03611069600083283,0.04096857500189799,0.04286837199833826,True,2.461439818635114e-08,
13.8,17.089,17.083,4.8666668,26.583525123851416,-2.2832620184175525,-0.010855725678890444,1.3896926777910454,0.003590606779694617,26.45752787451803,0.0046012228430798935,0.003058307277328847,0.7999999999999996,0.1751183231560977,0.004639316460104784,0.10051716858899773,0.004191674032762183,True,Solve_Succeeded,2,0.0310977709996223,0.03492124100012006,0.035249188000307186,True,3.0205913104097704e-08,
13.9,17.189,17.185,4.8666668,26.721337875713683,-2.2847344276376282,-0.010518248776042533,1.3149742728260747,0.0030913154737211954,26.595347777582113,0.005046367465453797,0.00339483723374127,0.7333333333333332,0.10051716858899773,0.004191674032762183,0.03450885169711915,0.003769978246996404,True,Solve_Succeeded,3,0.047797359999094624,0.05482976599887479,0.055186370002047624,True,1.5987088985980336e-08,
14.0,17.289,17.287,4.8666668,26.85148763141478,-2.2860842323760218,-0.010229492999915138,1.2395062428114219,0.002632286840577988,26.725503724158354,0.005507329796940585,0.0036821175383237228,0.6666666666666667,0.03450885169711915,0.003769978246996404,3.372612041709281e-05,0.003639747330581217,True,Solve_Succeeded,5,0.0743554890032101,0.07899773499957519,0.07934570999714197,True,1.7953208052705105e-09,
14.1,17.389,17.389,4.8666668,26.97392599191017,-2.287321465843312,-0.009985145655465464,1.163852159249602,0.00222195272104336,26.84794745964239,0.005973364462588061,0.003924561451786792,0.6000000000000003,3.372612041709281e-05,0.003639747330581217,7.437489822238368e-06,0.0038625990065690383,True,Solve_Succeeded,4,0.07435102399904281,0.07894484799908241,0.07937607299754745,True,9.460030492292049e-08,
14.2,17.489,17.457,4.8666668,27.05129704361722,-2.2880884002976236,-0.009840430603132697,1.1141441055651713,0.0020543780963088775,26.925321703255378,0.006282622950470018,0.004067816059950848,0.5333333333333339,7.437489822238368e-06,0.0038625990065690383,3.4894532185087057e-07,0.0049127279158215145,True,Maximum_CpuTime_Exceeded,5,0.07307387900073081,0.07893827299994882,0.07937374099856243,True,1.408856259432767e-07,
14.3,17.589,17.559,4.8666668,27.16115440271982,-2.2891582504643115,-0.00963392528036282,1.04273311705885,0.0020454363945032043,27.035183332698864,0.006740621192694732,0.004271904955901197,0.4666666666666661,3.4894532185087057e-07,0.0049127279158215145,3.4894532185087057e-07,0.0049127279158215145,False,Maximum_CpuTime_Exceeded,5,0.07700212200143142,0.08152161399993929,0.08186153499991633,False,8.288414971263013e-06,computation_deadline_missed
14.4,17.689,17.661,4.8666668,27.26392374818938,-2.290137742940611,-0.009424914391508806,0.9751179092989368,0.0021390141333457353,27.137956381072357,0.00719013857409193,0.0044782911629353255,0.3999999999999997,3.4894532185087057e-07,0.0049127279158215145,4.776583193523282e-06,0.007046137049097002,True,Maximum_CpuTime_Exceeded,4,0.06350309200206539,0.07073655000203871,0.07275853700048174,True,1.7701233808531196e-06,
14.5,17.789,17.763,4.8666668,27.359982180628062,-2.291031738727165,-0.009180537691041215,0.9111041094763884,0.0025177356013375315,27.234017979809256,0.0076315756371753436,0.004719896278815304,0.33333333333333326,4.776583193523282e-06,0.007046137049097002,8.479136415568367e-07,0.009328282965093573,True,Maximum_CpuTime_Exceeded,5,0.07407351700021536,0.07857344099829788,0.07901511100135394,True,1.4948234926587982e-06,
14.6,17.889,17.865,4.8666668,27.44968771883737,-2.2918439375002486,-0.008919484742298233,0.8505082915958192,0.0029195910635702277,27.323726164271367,0.008066234538311476,0.004978083226584407,0.26666666666666683,8.479136415568367e-07,0.009328282965093573,7.005162567770936e-06,0.01186578918871759,True,Maximum_CpuTime_Exceeded,4,0.06546517999959178,0.07085754299987457,0.07141652499922202,True,2.2235729218750305e-05,
14.7,17.989,17.967,4.8666668,27.533379577967036,-2.2925766955938967,-0.008564841020654078,0.7931505030727851,0.00405355289217051,27.407420149308745,0.00849650268108633,0.005329811227245686,0.2000000000000004,7.005162567770936e-06,0.01186578918871759,6.831628090666765e-06,0.01434649901081025,True,Maximum_CpuTime_Exceeded,4,0.0667506300014793,0.07187219800107414,0.07222097599878907,True,1.998114105906151e-05,
14.8,18.089,18.069,4.8666668,27.611379790438967,-2.293227985982788,-0.00811060677537614,0.7388683143148529,0.004999468472732095,27.48542190779876,0.008928913254447444,0.005781117857715711,0.13333333333333286,6.831628090666765e-06,0.01434649901081025,3.1989878329361426e-07,0.016733384176339794,True,Maximum_CpuTime_Exceeded,5,0.07414670900107012,0.07808460199885303,0.07852682399970945,True,3.893322656302377e-07,
14.9,18.189,18.171,4.8666668,27.683993858998754,-2.293797841502865,-0.0075608577804048335,0.6875047610899452,0.005774007796570809,27.55803691321083,0.009367710411588629,0.006327959138553102,0.06666666666666643,3.1989878329361426e-07,0.016733384176339794,3.1989878329361426e-07,0.016733384176339794,False,Solve_Succeeded,5,0.07002476600246155,0.08372902400151361,0.08459794699956547,False,3.320291019610986e-08,computation_deadline_missed
15.0,18.289,18.273,4.8666668,27.75151182663403,-2.294288057767078,-0.006939884024465792,0.6389110352453905,0.00633528940604201,27.62555520524215,0.009815160230309131,0.006946071576475399,0.0,3.1989878329361426e-07,0.016733384176339794,3.488761162339922e-06,0.01948947985052688,True,Maximum_CpuTime_Exceeded,4,0.07056400399960694,0.0774815850018058,0.07823914600157877,True,1.8172264323879084e-07,
